name,email
nome1,email2
,
,
,
,
,
,
,
cock,and ball torture
,
,
asasa,sasas
asdsad,asdasdasd@cum.com
asd,2@2sa.com,asd
asd,2@2sa.com,asd
ADSADSAD,asdasd@gmail.com,adsa1123123
ADSADSAD,asdasd@gmail.com,adsa1123123
ADSADSAD,asdasd@gmail.com,adsa1123123
ADSADSAD,asdasd@gmail.com,adsa1123123
ADSADSAD,asdasd@gmail.com,adsa1123123
asd,2@2a.com,123123123123
asd,2@2a.com,123123
asd,2@2a.com,123123
qwert,qwert@gmail.com,123123123123
890,890@gmail.com,123123
Carlos,Carlos@carlos.com,123123
cliente1,email@mail,123
cliente1,email@mail,123
cliente1,email@mail,123
cliente1,email@mail,123
cliente1,email@mail,123
jkl,2@2,123123
zxc,2@2,123123
cliente,em@il,123123
Elane Souza,selane457@gmail.com,123
